{
  "r": 8,
  "alpha": 64,
  "dropout": 0.0,
  "val_bleu": 0.57162959831834,
  "val_chrf": 75.45982542865488,
  "val_loss": 0.7395509481430054
}