{
  "configuration": {
    "r": 8,
    "alpha": 64,
    "dropout": 0.0
  },
  "training_samples": 13935,
  "test_samples": 1742,
  "metrics": {
    "bleu": 0.6147601850389346,
    "bleu_1": 0.7952855612195201,
    "bleu_2": 0.6536462814468115,
    "bleu_3": 0.5610952485540669,
    "bleu_4": 0.4896891110763943,
    "chrf": 79.18968304598623,
    "comet": 0.9297971983111959,
    "comet_std": 0.06171438414286993
  }
}